pair_id,prompt,image_a,image_b,model_a,model_b
548-preference:c1:c2,"User Intent: Create an engaging editorial layout for a blog post or website article about travel experiences, combining a prominent lifestyle image with supporting imagery and a clear title and descriptive text. Description: The image displays a clean, modern layout featuring two photographs and a text block on a white background. On the left side, there is a large, vertically oriented photograph depicting three women in floral dresses walking on a cobblestone street in front of a peach-colored building with dark green shutters and a large wooden arched door. On the right side, there's a smaller, square-shaped photograph positioned above a text section. This photograph shows two cardboard boxes filled with vinyl records, with a hand reaching for one. Below the right photograph, a bold, all-caps title ""TRIP TALES"" is displayed, followed by a paragraph of Latin placeholder text. The overall arrangement uses a two-column structure, with the left image taking up the majority of the left column and the right image and text occupying the right column.",assets/0548-preference/candidate-1.png,assets/0548-preference/candidate-2.png,Nano Banana 2,Seedream 5.0 Lite
548-preference:c1:c3,"User Intent: Create an engaging editorial layout for a blog post or website article about travel experiences, combining a prominent lifestyle image with supporting imagery and a clear title and descriptive text. Description: The image displays a clean, modern layout featuring two photographs and a text block on a white background. On the left side, there is a large, vertically oriented photograph depicting three women in floral dresses walking on a cobblestone street in front of a peach-colored building with dark green shutters and a large wooden arched door. On the right side, there's a smaller, square-shaped photograph positioned above a text section. This photograph shows two cardboard boxes filled with vinyl records, with a hand reaching for one. Below the right photograph, a bold, all-caps title ""TRIP TALES"" is displayed, followed by a paragraph of Latin placeholder text. The overall arrangement uses a two-column structure, with the left image taking up the majority of the left column and the right image and text occupying the right column.",assets/0548-preference/candidate-1.png,assets/0548-preference/candidate-3.png,Nano Banana 2,GPT Image 1.5
548-preference:c1:c4,"User Intent: Create an engaging editorial layout for a blog post or website article about travel experiences, combining a prominent lifestyle image with supporting imagery and a clear title and descriptive text. Description: The image displays a clean, modern layout featuring two photographs and a text block on a white background. On the left side, there is a large, vertically oriented photograph depicting three women in floral dresses walking on a cobblestone street in front of a peach-colored building with dark green shutters and a large wooden arched door. On the right side, there's a smaller, square-shaped photograph positioned above a text section. This photograph shows two cardboard boxes filled with vinyl records, with a hand reaching for one. Below the right photograph, a bold, all-caps title ""TRIP TALES"" is displayed, followed by a paragraph of Latin placeholder text. The overall arrangement uses a two-column structure, with the left image taking up the majority of the left column and the right image and text occupying the right column.",assets/0548-preference/candidate-1.png,assets/0548-preference/candidate-4.jpg,Nano Banana 2,FLUX.2 [max]
548-preference:c2:c3,"User Intent: Create an engaging editorial layout for a blog post or website article about travel experiences, combining a prominent lifestyle image with supporting imagery and a clear title and descriptive text. Description: The image displays a clean, modern layout featuring two photographs and a text block on a white background. On the left side, there is a large, vertically oriented photograph depicting three women in floral dresses walking on a cobblestone street in front of a peach-colored building with dark green shutters and a large wooden arched door. On the right side, there's a smaller, square-shaped photograph positioned above a text section. This photograph shows two cardboard boxes filled with vinyl records, with a hand reaching for one. Below the right photograph, a bold, all-caps title ""TRIP TALES"" is displayed, followed by a paragraph of Latin placeholder text. The overall arrangement uses a two-column structure, with the left image taking up the majority of the left column and the right image and text occupying the right column.",assets/0548-preference/candidate-2.png,assets/0548-preference/candidate-3.png,Seedream 5.0 Lite,GPT Image 1.5
548-preference:c2:c4,"User Intent: Create an engaging editorial layout for a blog post or website article about travel experiences, combining a prominent lifestyle image with supporting imagery and a clear title and descriptive text. Description: The image displays a clean, modern layout featuring two photographs and a text block on a white background. On the left side, there is a large, vertically oriented photograph depicting three women in floral dresses walking on a cobblestone street in front of a peach-colored building with dark green shutters and a large wooden arched door. On the right side, there's a smaller, square-shaped photograph positioned above a text section. This photograph shows two cardboard boxes filled with vinyl records, with a hand reaching for one. Below the right photograph, a bold, all-caps title ""TRIP TALES"" is displayed, followed by a paragraph of Latin placeholder text. The overall arrangement uses a two-column structure, with the left image taking up the majority of the left column and the right image and text occupying the right column.",assets/0548-preference/candidate-2.png,assets/0548-preference/candidate-4.jpg,Seedream 5.0 Lite,FLUX.2 [max]
548-preference:c3:c4,"User Intent: Create an engaging editorial layout for a blog post or website article about travel experiences, combining a prominent lifestyle image with supporting imagery and a clear title and descriptive text. Description: The image displays a clean, modern layout featuring two photographs and a text block on a white background. On the left side, there is a large, vertically oriented photograph depicting three women in floral dresses walking on a cobblestone street in front of a peach-colored building with dark green shutters and a large wooden arched door. On the right side, there's a smaller, square-shaped photograph positioned above a text section. This photograph shows two cardboard boxes filled with vinyl records, with a hand reaching for one. Below the right photograph, a bold, all-caps title ""TRIP TALES"" is displayed, followed by a paragraph of Latin placeholder text. The overall arrangement uses a two-column structure, with the left image taking up the majority of the left column and the right image and text occupying the right column.",assets/0548-preference/candidate-3.png,assets/0548-preference/candidate-4.jpg,GPT Image 1.5,FLUX.2 [max]
318-typography:c1:c2,"User Intent: User Intent: Create a warm and inviting Thanksgiving event invitation or announcement that clearly presents event details and uses a festive, autumn-themed design. Aesthetics: Aesthetics: The design exudes a warm, festive, and inviting aesthetic, perfect for a Thanksgiving celebration. The color palette is dominated by rich, earthy autumn tones, primarily brown, various shades of orange and gold, and hints of olive green, creating a harmonious and comforting feel. Typography plays a key role, with a luxurious, flowing script font for the main call to action (""Gather at the table"") that immediately draws the eye, establishing a sense of elegance and hospitality. This is balanced by a clear, legible serif font for the supporting information and event details, maintaining readability while complementing the script. The composition is balanced and largely symmetrical, with decorative elements framing the top and bottom, drawing the viewer's focus to the central text. Ample white space (or in this case, brown space) around the text blocks ensures legibility and a clean, uncluttered look. The simple, vector-like illustrations contribute to a modern yet traditional holiday feel.",assets/0318-typography/candidate-1.png,assets/0318-typography/candidate-2.jpg,GPT Image 1.5,FLUX.2 [max]
318-typography:c1:c3,"User Intent: User Intent: Create a warm and inviting Thanksgiving event invitation or announcement that clearly presents event details and uses a festive, autumn-themed design. Aesthetics: Aesthetics: The design exudes a warm, festive, and inviting aesthetic, perfect for a Thanksgiving celebration. The color palette is dominated by rich, earthy autumn tones, primarily brown, various shades of orange and gold, and hints of olive green, creating a harmonious and comforting feel. Typography plays a key role, with a luxurious, flowing script font for the main call to action (""Gather at the table"") that immediately draws the eye, establishing a sense of elegance and hospitality. This is balanced by a clear, legible serif font for the supporting information and event details, maintaining readability while complementing the script. The composition is balanced and largely symmetrical, with decorative elements framing the top and bottom, drawing the viewer's focus to the central text. Ample white space (or in this case, brown space) around the text blocks ensures legibility and a clean, uncluttered look. The simple, vector-like illustrations contribute to a modern yet traditional holiday feel.",assets/0318-typography/candidate-1.png,assets/0318-typography/candidate-3.png,GPT Image 1.5,Nano Banana 2
318-typography:c1:c4,"User Intent: User Intent: Create a warm and inviting Thanksgiving event invitation or announcement that clearly presents event details and uses a festive, autumn-themed design. Aesthetics: Aesthetics: The design exudes a warm, festive, and inviting aesthetic, perfect for a Thanksgiving celebration. The color palette is dominated by rich, earthy autumn tones, primarily brown, various shades of orange and gold, and hints of olive green, creating a harmonious and comforting feel. Typography plays a key role, with a luxurious, flowing script font for the main call to action (""Gather at the table"") that immediately draws the eye, establishing a sense of elegance and hospitality. This is balanced by a clear, legible serif font for the supporting information and event details, maintaining readability while complementing the script. The composition is balanced and largely symmetrical, with decorative elements framing the top and bottom, drawing the viewer's focus to the central text. Ample white space (or in this case, brown space) around the text blocks ensures legibility and a clean, uncluttered look. The simple, vector-like illustrations contribute to a modern yet traditional holiday feel.",assets/0318-typography/candidate-1.png,assets/0318-typography/candidate-4.png,GPT Image 1.5,Seedream 5.0 Lite
318-typography:c2:c3,"User Intent: User Intent: Create a warm and inviting Thanksgiving event invitation or announcement that clearly presents event details and uses a festive, autumn-themed design. Aesthetics: Aesthetics: The design exudes a warm, festive, and inviting aesthetic, perfect for a Thanksgiving celebration. The color palette is dominated by rich, earthy autumn tones, primarily brown, various shades of orange and gold, and hints of olive green, creating a harmonious and comforting feel. Typography plays a key role, with a luxurious, flowing script font for the main call to action (""Gather at the table"") that immediately draws the eye, establishing a sense of elegance and hospitality. This is balanced by a clear, legible serif font for the supporting information and event details, maintaining readability while complementing the script. The composition is balanced and largely symmetrical, with decorative elements framing the top and bottom, drawing the viewer's focus to the central text. Ample white space (or in this case, brown space) around the text blocks ensures legibility and a clean, uncluttered look. The simple, vector-like illustrations contribute to a modern yet traditional holiday feel.",assets/0318-typography/candidate-2.jpg,assets/0318-typography/candidate-3.png,FLUX.2 [max],Nano Banana 2
318-typography:c2:c4,"User Intent: User Intent: Create a warm and inviting Thanksgiving event invitation or announcement that clearly presents event details and uses a festive, autumn-themed design. Aesthetics: Aesthetics: The design exudes a warm, festive, and inviting aesthetic, perfect for a Thanksgiving celebration. The color palette is dominated by rich, earthy autumn tones, primarily brown, various shades of orange and gold, and hints of olive green, creating a harmonious and comforting feel. Typography plays a key role, with a luxurious, flowing script font for the main call to action (""Gather at the table"") that immediately draws the eye, establishing a sense of elegance and hospitality. This is balanced by a clear, legible serif font for the supporting information and event details, maintaining readability while complementing the script. The composition is balanced and largely symmetrical, with decorative elements framing the top and bottom, drawing the viewer's focus to the central text. Ample white space (or in this case, brown space) around the text blocks ensures legibility and a clean, uncluttered look. The simple, vector-like illustrations contribute to a modern yet traditional holiday feel.",assets/0318-typography/candidate-2.jpg,assets/0318-typography/candidate-4.png,FLUX.2 [max],Seedream 5.0 Lite
318-typography:c3:c4,"User Intent: User Intent: Create a warm and inviting Thanksgiving event invitation or announcement that clearly presents event details and uses a festive, autumn-themed design. Aesthetics: Aesthetics: The design exudes a warm, festive, and inviting aesthetic, perfect for a Thanksgiving celebration. The color palette is dominated by rich, earthy autumn tones, primarily brown, various shades of orange and gold, and hints of olive green, creating a harmonious and comforting feel. Typography plays a key role, with a luxurious, flowing script font for the main call to action (""Gather at the table"") that immediately draws the eye, establishing a sense of elegance and hospitality. This is balanced by a clear, legible serif font for the supporting information and event details, maintaining readability while complementing the script. The composition is balanced and largely symmetrical, with decorative elements framing the top and bottom, drawing the viewer's focus to the central text. Ample white space (or in this case, brown space) around the text blocks ensures legibility and a clean, uncluttered look. The simple, vector-like illustrations contribute to a modern yet traditional holiday feel.",assets/0318-typography/candidate-3.png,assets/0318-typography/candidate-4.png,Nano Banana 2,Seedream 5.0 Lite
397-visual_hierarchy:c1:c2,"User Intent: Promote a chili cook-off event by providing all necessary details (date, time, location, prizes, entry fee, contact info) with an engaging, themed visual design that evokes a sense of fun and excitement. Aesthetics: The design adopts a playful, rustic, and energetic aesthetic, strongly hinting at a Western or Texan theme suitable for a chili cook-off. The dominant bright yellow background provides a cheerful and attention-grabbing canvas, effectively contrasting with the dark red/browns, greens, and oranges used for the text and illustrations. The typography establishes a clear hierarchy: the main ""CHILI COOK-OFF"" title uses a bold, decorative slab-serif font reminiscent of old Western signage, immediately drawing the eye. Supporting information like dates, times, and calls to action (""BRING HEAT!"") use simpler, yet effective, sans-serif fonts, with ""BRING HEAT!"" being bolded for emphasis. The contact and prize details are in a readable serif font. The composition is well-balanced, with the dominant text elements in the upper half being visually anchored by the chili pepper illustrations and the '$5 ENTRY' starburst in the lower half. Elements are well-spaced, allowing for good readability and preventing clutter. The vibrant color palette, coupled with the thematic illustrations and bold typography, creates an inviting and festive overall feel.",assets/0397-visual_hierarchy/candidate-1.png,assets/0397-visual_hierarchy/candidate-2.png,Seedream 5.0 Lite,Nano Banana 2
397-visual_hierarchy:c1:c3,"User Intent: Promote a chili cook-off event by providing all necessary details (date, time, location, prizes, entry fee, contact info) with an engaging, themed visual design that evokes a sense of fun and excitement. Aesthetics: The design adopts a playful, rustic, and energetic aesthetic, strongly hinting at a Western or Texan theme suitable for a chili cook-off. The dominant bright yellow background provides a cheerful and attention-grabbing canvas, effectively contrasting with the dark red/browns, greens, and oranges used for the text and illustrations. The typography establishes a clear hierarchy: the main ""CHILI COOK-OFF"" title uses a bold, decorative slab-serif font reminiscent of old Western signage, immediately drawing the eye. Supporting information like dates, times, and calls to action (""BRING HEAT!"") use simpler, yet effective, sans-serif fonts, with ""BRING HEAT!"" being bolded for emphasis. The contact and prize details are in a readable serif font. The composition is well-balanced, with the dominant text elements in the upper half being visually anchored by the chili pepper illustrations and the '$5 ENTRY' starburst in the lower half. Elements are well-spaced, allowing for good readability and preventing clutter. The vibrant color palette, coupled with the thematic illustrations and bold typography, creates an inviting and festive overall feel.",assets/0397-visual_hierarchy/candidate-1.png,assets/0397-visual_hierarchy/candidate-3.jpg,Seedream 5.0 Lite,FLUX.2 [max]
397-visual_hierarchy:c1:c4,"User Intent: Promote a chili cook-off event by providing all necessary details (date, time, location, prizes, entry fee, contact info) with an engaging, themed visual design that evokes a sense of fun and excitement. Aesthetics: The design adopts a playful, rustic, and energetic aesthetic, strongly hinting at a Western or Texan theme suitable for a chili cook-off. The dominant bright yellow background provides a cheerful and attention-grabbing canvas, effectively contrasting with the dark red/browns, greens, and oranges used for the text and illustrations. The typography establishes a clear hierarchy: the main ""CHILI COOK-OFF"" title uses a bold, decorative slab-serif font reminiscent of old Western signage, immediately drawing the eye. Supporting information like dates, times, and calls to action (""BRING HEAT!"") use simpler, yet effective, sans-serif fonts, with ""BRING HEAT!"" being bolded for emphasis. The contact and prize details are in a readable serif font. The composition is well-balanced, with the dominant text elements in the upper half being visually anchored by the chili pepper illustrations and the '$5 ENTRY' starburst in the lower half. Elements are well-spaced, allowing for good readability and preventing clutter. The vibrant color palette, coupled with the thematic illustrations and bold typography, creates an inviting and festive overall feel.",assets/0397-visual_hierarchy/candidate-1.png,assets/0397-visual_hierarchy/candidate-4.png,Seedream 5.0 Lite,GPT Image 1.5
397-visual_hierarchy:c2:c3,"User Intent: Promote a chili cook-off event by providing all necessary details (date, time, location, prizes, entry fee, contact info) with an engaging, themed visual design that evokes a sense of fun and excitement. Aesthetics: The design adopts a playful, rustic, and energetic aesthetic, strongly hinting at a Western or Texan theme suitable for a chili cook-off. The dominant bright yellow background provides a cheerful and attention-grabbing canvas, effectively contrasting with the dark red/browns, greens, and oranges used for the text and illustrations. The typography establishes a clear hierarchy: the main ""CHILI COOK-OFF"" title uses a bold, decorative slab-serif font reminiscent of old Western signage, immediately drawing the eye. Supporting information like dates, times, and calls to action (""BRING HEAT!"") use simpler, yet effective, sans-serif fonts, with ""BRING HEAT!"" being bolded for emphasis. The contact and prize details are in a readable serif font. The composition is well-balanced, with the dominant text elements in the upper half being visually anchored by the chili pepper illustrations and the '$5 ENTRY' starburst in the lower half. Elements are well-spaced, allowing for good readability and preventing clutter. The vibrant color palette, coupled with the thematic illustrations and bold typography, creates an inviting and festive overall feel.",assets/0397-visual_hierarchy/candidate-2.png,assets/0397-visual_hierarchy/candidate-3.jpg,Nano Banana 2,FLUX.2 [max]
397-visual_hierarchy:c2:c4,"User Intent: Promote a chili cook-off event by providing all necessary details (date, time, location, prizes, entry fee, contact info) with an engaging, themed visual design that evokes a sense of fun and excitement. Aesthetics: The design adopts a playful, rustic, and energetic aesthetic, strongly hinting at a Western or Texan theme suitable for a chili cook-off. The dominant bright yellow background provides a cheerful and attention-grabbing canvas, effectively contrasting with the dark red/browns, greens, and oranges used for the text and illustrations. The typography establishes a clear hierarchy: the main ""CHILI COOK-OFF"" title uses a bold, decorative slab-serif font reminiscent of old Western signage, immediately drawing the eye. Supporting information like dates, times, and calls to action (""BRING HEAT!"") use simpler, yet effective, sans-serif fonts, with ""BRING HEAT!"" being bolded for emphasis. The contact and prize details are in a readable serif font. The composition is well-balanced, with the dominant text elements in the upper half being visually anchored by the chili pepper illustrations and the '$5 ENTRY' starburst in the lower half. Elements are well-spaced, allowing for good readability and preventing clutter. The vibrant color palette, coupled with the thematic illustrations and bold typography, creates an inviting and festive overall feel.",assets/0397-visual_hierarchy/candidate-2.png,assets/0397-visual_hierarchy/candidate-4.png,Nano Banana 2,GPT Image 1.5
397-visual_hierarchy:c3:c4,"User Intent: Promote a chili cook-off event by providing all necessary details (date, time, location, prizes, entry fee, contact info) with an engaging, themed visual design that evokes a sense of fun and excitement. Aesthetics: The design adopts a playful, rustic, and energetic aesthetic, strongly hinting at a Western or Texan theme suitable for a chili cook-off. The dominant bright yellow background provides a cheerful and attention-grabbing canvas, effectively contrasting with the dark red/browns, greens, and oranges used for the text and illustrations. The typography establishes a clear hierarchy: the main ""CHILI COOK-OFF"" title uses a bold, decorative slab-serif font reminiscent of old Western signage, immediately drawing the eye. Supporting information like dates, times, and calls to action (""BRING HEAT!"") use simpler, yet effective, sans-serif fonts, with ""BRING HEAT!"" being bolded for emphasis. The contact and prize details are in a readable serif font. The composition is well-balanced, with the dominant text elements in the upper half being visually anchored by the chili pepper illustrations and the '$5 ENTRY' starburst in the lower half. Elements are well-spaced, allowing for good readability and preventing clutter. The vibrant color palette, coupled with the thematic illustrations and bold typography, creates an inviting and festive overall feel.",assets/0397-visual_hierarchy/candidate-3.jpg,assets/0397-visual_hierarchy/candidate-4.png,FLUX.2 [max],GPT Image 1.5
39-color_harmony:c1:c2,"User Intent: Create a social media ad or promotional graphic for a beauty product, featuring a positive user testimonial and star rating, highlighting key product benefits, and showcasing a diverse model interacting with the product. Aesthetics: The design exudes a modern, clean, and warm aesthetic. The typography employs a consistent sans-serif font throughout, with effective hierarchy established through varying font sizes, weights, and colors to guide the viewer's eye. The testimonial quote serves as a clear focal point. Spacing is generous, providing ample breathing room around text blocks and between the main visual elements, contributing to a sense of openness and ease. The composition achieves an asymmetrical balance; the photographic element on the left is visually weighted against the structured text and rating on the right. The use of rounded corners for the main content blocks and the organic abstract shapes softens the overall presentation. The color palette is harmonious, dominated by warm, earthy tones including light beige, peach, and various shades of brown and orange-brown, creating an inviting and gentle visual experience.",assets/0039-color_harmony/candidate-1.jpg,assets/0039-color_harmony/candidate-2.png,FLUX.2 [max],Seedream 5.0 Lite
39-color_harmony:c1:c3,"User Intent: Create a social media ad or promotional graphic for a beauty product, featuring a positive user testimonial and star rating, highlighting key product benefits, and showcasing a diverse model interacting with the product. Aesthetics: The design exudes a modern, clean, and warm aesthetic. The typography employs a consistent sans-serif font throughout, with effective hierarchy established through varying font sizes, weights, and colors to guide the viewer's eye. The testimonial quote serves as a clear focal point. Spacing is generous, providing ample breathing room around text blocks and between the main visual elements, contributing to a sense of openness and ease. The composition achieves an asymmetrical balance; the photographic element on the left is visually weighted against the structured text and rating on the right. The use of rounded corners for the main content blocks and the organic abstract shapes softens the overall presentation. The color palette is harmonious, dominated by warm, earthy tones including light beige, peach, and various shades of brown and orange-brown, creating an inviting and gentle visual experience.",assets/0039-color_harmony/candidate-1.jpg,assets/0039-color_harmony/candidate-3.png,FLUX.2 [max],Nano Banana 2
39-color_harmony:c1:c4,"User Intent: Create a social media ad or promotional graphic for a beauty product, featuring a positive user testimonial and star rating, highlighting key product benefits, and showcasing a diverse model interacting with the product. Aesthetics: The design exudes a modern, clean, and warm aesthetic. The typography employs a consistent sans-serif font throughout, with effective hierarchy established through varying font sizes, weights, and colors to guide the viewer's eye. The testimonial quote serves as a clear focal point. Spacing is generous, providing ample breathing room around text blocks and between the main visual elements, contributing to a sense of openness and ease. The composition achieves an asymmetrical balance; the photographic element on the left is visually weighted against the structured text and rating on the right. The use of rounded corners for the main content blocks and the organic abstract shapes softens the overall presentation. The color palette is harmonious, dominated by warm, earthy tones including light beige, peach, and various shades of brown and orange-brown, creating an inviting and gentle visual experience.",assets/0039-color_harmony/candidate-1.jpg,assets/0039-color_harmony/candidate-4.png,FLUX.2 [max],GPT Image 1.5
39-color_harmony:c2:c3,"User Intent: Create a social media ad or promotional graphic for a beauty product, featuring a positive user testimonial and star rating, highlighting key product benefits, and showcasing a diverse model interacting with the product. Aesthetics: The design exudes a modern, clean, and warm aesthetic. The typography employs a consistent sans-serif font throughout, with effective hierarchy established through varying font sizes, weights, and colors to guide the viewer's eye. The testimonial quote serves as a clear focal point. Spacing is generous, providing ample breathing room around text blocks and between the main visual elements, contributing to a sense of openness and ease. The composition achieves an asymmetrical balance; the photographic element on the left is visually weighted against the structured text and rating on the right. The use of rounded corners for the main content blocks and the organic abstract shapes softens the overall presentation. The color palette is harmonious, dominated by warm, earthy tones including light beige, peach, and various shades of brown and orange-brown, creating an inviting and gentle visual experience.",assets/0039-color_harmony/candidate-2.png,assets/0039-color_harmony/candidate-3.png,Seedream 5.0 Lite,Nano Banana 2
39-color_harmony:c2:c4,"User Intent: Create a social media ad or promotional graphic for a beauty product, featuring a positive user testimonial and star rating, highlighting key product benefits, and showcasing a diverse model interacting with the product. Aesthetics: The design exudes a modern, clean, and warm aesthetic. The typography employs a consistent sans-serif font throughout, with effective hierarchy established through varying font sizes, weights, and colors to guide the viewer's eye. The testimonial quote serves as a clear focal point. Spacing is generous, providing ample breathing room around text blocks and between the main visual elements, contributing to a sense of openness and ease. The composition achieves an asymmetrical balance; the photographic element on the left is visually weighted against the structured text and rating on the right. The use of rounded corners for the main content blocks and the organic abstract shapes softens the overall presentation. The color palette is harmonious, dominated by warm, earthy tones including light beige, peach, and various shades of brown and orange-brown, creating an inviting and gentle visual experience.",assets/0039-color_harmony/candidate-2.png,assets/0039-color_harmony/candidate-4.png,Seedream 5.0 Lite,GPT Image 1.5
39-color_harmony:c3:c4,"User Intent: Create a social media ad or promotional graphic for a beauty product, featuring a positive user testimonial and star rating, highlighting key product benefits, and showcasing a diverse model interacting with the product. Aesthetics: The design exudes a modern, clean, and warm aesthetic. The typography employs a consistent sans-serif font throughout, with effective hierarchy established through varying font sizes, weights, and colors to guide the viewer's eye. The testimonial quote serves as a clear focal point. Spacing is generous, providing ample breathing room around text blocks and between the main visual elements, contributing to a sense of openness and ease. The composition achieves an asymmetrical balance; the photographic element on the left is visually weighted against the structured text and rating on the right. The use of rounded corners for the main content blocks and the organic abstract shapes softens the overall presentation. The color palette is harmonious, dominated by warm, earthy tones including light beige, peach, and various shades of brown and orange-brown, creating an inviting and gentle visual experience.",assets/0039-color_harmony/candidate-3.png,assets/0039-color_harmony/candidate-4.png,Nano Banana 2,GPT Image 1.5
107-mood_and_color_tone:c1:c2,"User Intent: Create a professional and modern promotional graphic for a bus charter company, highlighting its key services and contact information, suitable for digital marketing or print advertisements. Aesthetics: The design exhibits a modern, corporate, and professional aesthetic. The color palette is dominated by various shades of purple, ranging from a lighter, translucent violet in the upper background to a rich, dark plum at the bottom, creating a sophisticated gradient effect. White text provides high contrast and excellent readability against these dark backgrounds. The typography uses clean, sans-serif fonts throughout, with clear hierarchy established by varying font sizes and weights, guiding the viewer's eye from the main title to the smaller details. Spacing is well-managed, with ample negative space (dark purple areas) separating content blocks, preventing clutter, and ensuring each element has breathing room. The composition is dynamically asymmetrical; the strong textual block on the left is balanced by the visually engaging, angularly cropped bus image on the right. This unique shape adds a contemporary flair. The overall visual integration is cohesive, blending professionalism with an inviting appeal suitable for a transportation service.",assets/0107-mood_and_color_tone/candidate-1.png,assets/0107-mood_and_color_tone/candidate-2.png,GPT Image 1.5,Nano Banana 2
107-mood_and_color_tone:c1:c3,"User Intent: Create a professional and modern promotional graphic for a bus charter company, highlighting its key services and contact information, suitable for digital marketing or print advertisements. Aesthetics: The design exhibits a modern, corporate, and professional aesthetic. The color palette is dominated by various shades of purple, ranging from a lighter, translucent violet in the upper background to a rich, dark plum at the bottom, creating a sophisticated gradient effect. White text provides high contrast and excellent readability against these dark backgrounds. The typography uses clean, sans-serif fonts throughout, with clear hierarchy established by varying font sizes and weights, guiding the viewer's eye from the main title to the smaller details. Spacing is well-managed, with ample negative space (dark purple areas) separating content blocks, preventing clutter, and ensuring each element has breathing room. The composition is dynamically asymmetrical; the strong textual block on the left is balanced by the visually engaging, angularly cropped bus image on the right. This unique shape adds a contemporary flair. The overall visual integration is cohesive, blending professionalism with an inviting appeal suitable for a transportation service.",assets/0107-mood_and_color_tone/candidate-1.png,assets/0107-mood_and_color_tone/candidate-3.jpg,GPT Image 1.5,FLUX.2 [max]
107-mood_and_color_tone:c1:c4,"User Intent: Create a professional and modern promotional graphic for a bus charter company, highlighting its key services and contact information, suitable for digital marketing or print advertisements. Aesthetics: The design exhibits a modern, corporate, and professional aesthetic. The color palette is dominated by various shades of purple, ranging from a lighter, translucent violet in the upper background to a rich, dark plum at the bottom, creating a sophisticated gradient effect. White text provides high contrast and excellent readability against these dark backgrounds. The typography uses clean, sans-serif fonts throughout, with clear hierarchy established by varying font sizes and weights, guiding the viewer's eye from the main title to the smaller details. Spacing is well-managed, with ample negative space (dark purple areas) separating content blocks, preventing clutter, and ensuring each element has breathing room. The composition is dynamically asymmetrical; the strong textual block on the left is balanced by the visually engaging, angularly cropped bus image on the right. This unique shape adds a contemporary flair. The overall visual integration is cohesive, blending professionalism with an inviting appeal suitable for a transportation service.",assets/0107-mood_and_color_tone/candidate-1.png,assets/0107-mood_and_color_tone/candidate-4.png,GPT Image 1.5,Seedream 5.0 Lite
107-mood_and_color_tone:c2:c3,"User Intent: Create a professional and modern promotional graphic for a bus charter company, highlighting its key services and contact information, suitable for digital marketing or print advertisements. Aesthetics: The design exhibits a modern, corporate, and professional aesthetic. The color palette is dominated by various shades of purple, ranging from a lighter, translucent violet in the upper background to a rich, dark plum at the bottom, creating a sophisticated gradient effect. White text provides high contrast and excellent readability against these dark backgrounds. The typography uses clean, sans-serif fonts throughout, with clear hierarchy established by varying font sizes and weights, guiding the viewer's eye from the main title to the smaller details. Spacing is well-managed, with ample negative space (dark purple areas) separating content blocks, preventing clutter, and ensuring each element has breathing room. The composition is dynamically asymmetrical; the strong textual block on the left is balanced by the visually engaging, angularly cropped bus image on the right. This unique shape adds a contemporary flair. The overall visual integration is cohesive, blending professionalism with an inviting appeal suitable for a transportation service.",assets/0107-mood_and_color_tone/candidate-2.png,assets/0107-mood_and_color_tone/candidate-3.jpg,Nano Banana 2,FLUX.2 [max]
107-mood_and_color_tone:c2:c4,"User Intent: Create a professional and modern promotional graphic for a bus charter company, highlighting its key services and contact information, suitable for digital marketing or print advertisements. Aesthetics: The design exhibits a modern, corporate, and professional aesthetic. The color palette is dominated by various shades of purple, ranging from a lighter, translucent violet in the upper background to a rich, dark plum at the bottom, creating a sophisticated gradient effect. White text provides high contrast and excellent readability against these dark backgrounds. The typography uses clean, sans-serif fonts throughout, with clear hierarchy established by varying font sizes and weights, guiding the viewer's eye from the main title to the smaller details. Spacing is well-managed, with ample negative space (dark purple areas) separating content blocks, preventing clutter, and ensuring each element has breathing room. The composition is dynamically asymmetrical; the strong textual block on the left is balanced by the visually engaging, angularly cropped bus image on the right. This unique shape adds a contemporary flair. The overall visual integration is cohesive, blending professionalism with an inviting appeal suitable for a transportation service.",assets/0107-mood_and_color_tone/candidate-2.png,assets/0107-mood_and_color_tone/candidate-4.png,Nano Banana 2,Seedream 5.0 Lite
107-mood_and_color_tone:c3:c4,"User Intent: Create a professional and modern promotional graphic for a bus charter company, highlighting its key services and contact information, suitable for digital marketing or print advertisements. Aesthetics: The design exhibits a modern, corporate, and professional aesthetic. The color palette is dominated by various shades of purple, ranging from a lighter, translucent violet in the upper background to a rich, dark plum at the bottom, creating a sophisticated gradient effect. White text provides high contrast and excellent readability against these dark backgrounds. The typography uses clean, sans-serif fonts throughout, with clear hierarchy established by varying font sizes and weights, guiding the viewer's eye from the main title to the smaller details. Spacing is well-managed, with ample negative space (dark purple areas) separating content blocks, preventing clutter, and ensuring each element has breathing room. The composition is dynamically asymmetrical; the strong textual block on the left is balanced by the visually engaging, angularly cropped bus image on the right. This unique shape adds a contemporary flair. The overall visual integration is cohesive, blending professionalism with an inviting appeal suitable for a transportation service.",assets/0107-mood_and_color_tone/candidate-3.jpg,assets/0107-mood_and_color_tone/candidate-4.png,FLUX.2 [max],Seedream 5.0 Lite
570-spatial_accuracy:c1:c2,"User Intent: Create a clear and concise announcement for an upcoming update or estimated time of arrival, highlighting the date prominently, suitable for social media or digital platforms. Description: The image is a digital announcement featuring prominent text elements centered on a light blue background. At the top, a dark blue horizontal rectangle contains the word ""UPDATES"" in white, uppercase sans-serif font. Below this, in large, bold sans-serif typography, the word ""NEXT"" appears in dark blue, stacked above an even larger, bold black ""ETA"". Further below, another dark blue horizontal rectangle presents the date ""OCT 28, 2024"" in white, uppercase sans-serif font. Decorative elements are strategically placed in the corners: the top-left and bottom-right corners feature a grid of nine small hollow circles each, while the top-right and bottom-left corners display two stylized wavy lines. Additionally, to the right of the ""ETA"" text and above the bottom date rectangle, there are three lightning bolt icons, giving a sense of urgency or excitement.",assets/0570-spatial_accuracy/candidate-1.png,assets/0570-spatial_accuracy/candidate-2.png,Nano Banana 2,GPT Image 1.5
570-spatial_accuracy:c1:c3,"User Intent: Create a clear and concise announcement for an upcoming update or estimated time of arrival, highlighting the date prominently, suitable for social media or digital platforms. Description: The image is a digital announcement featuring prominent text elements centered on a light blue background. At the top, a dark blue horizontal rectangle contains the word ""UPDATES"" in white, uppercase sans-serif font. Below this, in large, bold sans-serif typography, the word ""NEXT"" appears in dark blue, stacked above an even larger, bold black ""ETA"". Further below, another dark blue horizontal rectangle presents the date ""OCT 28, 2024"" in white, uppercase sans-serif font. Decorative elements are strategically placed in the corners: the top-left and bottom-right corners feature a grid of nine small hollow circles each, while the top-right and bottom-left corners display two stylized wavy lines. Additionally, to the right of the ""ETA"" text and above the bottom date rectangle, there are three lightning bolt icons, giving a sense of urgency or excitement.",assets/0570-spatial_accuracy/candidate-1.png,assets/0570-spatial_accuracy/candidate-3.jpg,Nano Banana 2,FLUX.2 [max]
570-spatial_accuracy:c1:c4,"User Intent: Create a clear and concise announcement for an upcoming update or estimated time of arrival, highlighting the date prominently, suitable for social media or digital platforms. Description: The image is a digital announcement featuring prominent text elements centered on a light blue background. At the top, a dark blue horizontal rectangle contains the word ""UPDATES"" in white, uppercase sans-serif font. Below this, in large, bold sans-serif typography, the word ""NEXT"" appears in dark blue, stacked above an even larger, bold black ""ETA"". Further below, another dark blue horizontal rectangle presents the date ""OCT 28, 2024"" in white, uppercase sans-serif font. Decorative elements are strategically placed in the corners: the top-left and bottom-right corners feature a grid of nine small hollow circles each, while the top-right and bottom-left corners display two stylized wavy lines. Additionally, to the right of the ""ETA"" text and above the bottom date rectangle, there are three lightning bolt icons, giving a sense of urgency or excitement.",assets/0570-spatial_accuracy/candidate-1.png,assets/0570-spatial_accuracy/candidate-4.png,Nano Banana 2,Seedream 5.0 Lite
570-spatial_accuracy:c2:c3,"User Intent: Create a clear and concise announcement for an upcoming update or estimated time of arrival, highlighting the date prominently, suitable for social media or digital platforms. Description: The image is a digital announcement featuring prominent text elements centered on a light blue background. At the top, a dark blue horizontal rectangle contains the word ""UPDATES"" in white, uppercase sans-serif font. Below this, in large, bold sans-serif typography, the word ""NEXT"" appears in dark blue, stacked above an even larger, bold black ""ETA"". Further below, another dark blue horizontal rectangle presents the date ""OCT 28, 2024"" in white, uppercase sans-serif font. Decorative elements are strategically placed in the corners: the top-left and bottom-right corners feature a grid of nine small hollow circles each, while the top-right and bottom-left corners display two stylized wavy lines. Additionally, to the right of the ""ETA"" text and above the bottom date rectangle, there are three lightning bolt icons, giving a sense of urgency or excitement.",assets/0570-spatial_accuracy/candidate-2.png,assets/0570-spatial_accuracy/candidate-3.jpg,GPT Image 1.5,FLUX.2 [max]
570-spatial_accuracy:c2:c4,"User Intent: Create a clear and concise announcement for an upcoming update or estimated time of arrival, highlighting the date prominently, suitable for social media or digital platforms. Description: The image is a digital announcement featuring prominent text elements centered on a light blue background. At the top, a dark blue horizontal rectangle contains the word ""UPDATES"" in white, uppercase sans-serif font. Below this, in large, bold sans-serif typography, the word ""NEXT"" appears in dark blue, stacked above an even larger, bold black ""ETA"". Further below, another dark blue horizontal rectangle presents the date ""OCT 28, 2024"" in white, uppercase sans-serif font. Decorative elements are strategically placed in the corners: the top-left and bottom-right corners feature a grid of nine small hollow circles each, while the top-right and bottom-left corners display two stylized wavy lines. Additionally, to the right of the ""ETA"" text and above the bottom date rectangle, there are three lightning bolt icons, giving a sense of urgency or excitement.",assets/0570-spatial_accuracy/candidate-2.png,assets/0570-spatial_accuracy/candidate-4.png,GPT Image 1.5,Seedream 5.0 Lite
570-spatial_accuracy:c3:c4,"User Intent: Create a clear and concise announcement for an upcoming update or estimated time of arrival, highlighting the date prominently, suitable for social media or digital platforms. Description: The image is a digital announcement featuring prominent text elements centered on a light blue background. At the top, a dark blue horizontal rectangle contains the word ""UPDATES"" in white, uppercase sans-serif font. Below this, in large, bold sans-serif typography, the word ""NEXT"" appears in dark blue, stacked above an even larger, bold black ""ETA"". Further below, another dark blue horizontal rectangle presents the date ""OCT 28, 2024"" in white, uppercase sans-serif font. Decorative elements are strategically placed in the corners: the top-left and bottom-right corners feature a grid of nine small hollow circles each, while the top-right and bottom-left corners display two stylized wavy lines. Additionally, to the right of the ""ETA"" text and above the bottom date rectangle, there are three lightning bolt icons, giving a sense of urgency or excitement.",assets/0570-spatial_accuracy/candidate-3.jpg,assets/0570-spatial_accuracy/candidate-4.png,FLUX.2 [max],Seedream 5.0 Lite
421-color_accuracy:c1:c2,"User Intent: Create a gentle and impactful awareness graphic for World Cancer Day, promoting solidarity and education through easily recognizable symbols and clear messaging, suitable for social media posts, digital campaigns, or printed materials for awareness events. Description: A square-formatted image features a light lavender-lilac gradient background. Centrally positioned, slightly offset to the right, is a large white circular frame. Inside this circle, a prominent bright pink awareness ribbon, symbolic of cancer awareness, is located on the left. To the right of the ribbon, the text ""World CANCER DAY"" is stacked vertically. ""World"" and ""DAY"" are written in an elegant, script-like purple font, while ""CANCER"" is presented in a bold, all-caps, dark purple sans-serif font, creating a clear visual hierarchy. Decorative floral elements extend from the top-left and bottom-right corners of the image, partially overlapping the white circle. These elements include dark purple leaves with a subtle textured appearance and small, vibrant orange-yellow flowers and buds.",assets/0421-color_accuracy/candidate-1.png,assets/0421-color_accuracy/candidate-2.png,Seedream 5.0 Lite,Nano Banana 2
421-color_accuracy:c1:c3,"User Intent: Create a gentle and impactful awareness graphic for World Cancer Day, promoting solidarity and education through easily recognizable symbols and clear messaging, suitable for social media posts, digital campaigns, or printed materials for awareness events. Description: A square-formatted image features a light lavender-lilac gradient background. Centrally positioned, slightly offset to the right, is a large white circular frame. Inside this circle, a prominent bright pink awareness ribbon, symbolic of cancer awareness, is located on the left. To the right of the ribbon, the text ""World CANCER DAY"" is stacked vertically. ""World"" and ""DAY"" are written in an elegant, script-like purple font, while ""CANCER"" is presented in a bold, all-caps, dark purple sans-serif font, creating a clear visual hierarchy. Decorative floral elements extend from the top-left and bottom-right corners of the image, partially overlapping the white circle. These elements include dark purple leaves with a subtle textured appearance and small, vibrant orange-yellow flowers and buds.",assets/0421-color_accuracy/candidate-1.png,assets/0421-color_accuracy/candidate-3.jpg,Seedream 5.0 Lite,FLUX.2 [max]
421-color_accuracy:c1:c4,"User Intent: Create a gentle and impactful awareness graphic for World Cancer Day, promoting solidarity and education through easily recognizable symbols and clear messaging, suitable for social media posts, digital campaigns, or printed materials for awareness events. Description: A square-formatted image features a light lavender-lilac gradient background. Centrally positioned, slightly offset to the right, is a large white circular frame. Inside this circle, a prominent bright pink awareness ribbon, symbolic of cancer awareness, is located on the left. To the right of the ribbon, the text ""World CANCER DAY"" is stacked vertically. ""World"" and ""DAY"" are written in an elegant, script-like purple font, while ""CANCER"" is presented in a bold, all-caps, dark purple sans-serif font, creating a clear visual hierarchy. Decorative floral elements extend from the top-left and bottom-right corners of the image, partially overlapping the white circle. These elements include dark purple leaves with a subtle textured appearance and small, vibrant orange-yellow flowers and buds.",assets/0421-color_accuracy/candidate-1.png,assets/0421-color_accuracy/candidate-4.png,Seedream 5.0 Lite,GPT Image 1.5
421-color_accuracy:c2:c3,"User Intent: Create a gentle and impactful awareness graphic for World Cancer Day, promoting solidarity and education through easily recognizable symbols and clear messaging, suitable for social media posts, digital campaigns, or printed materials for awareness events. Description: A square-formatted image features a light lavender-lilac gradient background. Centrally positioned, slightly offset to the right, is a large white circular frame. Inside this circle, a prominent bright pink awareness ribbon, symbolic of cancer awareness, is located on the left. To the right of the ribbon, the text ""World CANCER DAY"" is stacked vertically. ""World"" and ""DAY"" are written in an elegant, script-like purple font, while ""CANCER"" is presented in a bold, all-caps, dark purple sans-serif font, creating a clear visual hierarchy. Decorative floral elements extend from the top-left and bottom-right corners of the image, partially overlapping the white circle. These elements include dark purple leaves with a subtle textured appearance and small, vibrant orange-yellow flowers and buds.",assets/0421-color_accuracy/candidate-2.png,assets/0421-color_accuracy/candidate-3.jpg,Nano Banana 2,FLUX.2 [max]
421-color_accuracy:c2:c4,"User Intent: Create a gentle and impactful awareness graphic for World Cancer Day, promoting solidarity and education through easily recognizable symbols and clear messaging, suitable for social media posts, digital campaigns, or printed materials for awareness events. Description: A square-formatted image features a light lavender-lilac gradient background. Centrally positioned, slightly offset to the right, is a large white circular frame. Inside this circle, a prominent bright pink awareness ribbon, symbolic of cancer awareness, is located on the left. To the right of the ribbon, the text ""World CANCER DAY"" is stacked vertically. ""World"" and ""DAY"" are written in an elegant, script-like purple font, while ""CANCER"" is presented in a bold, all-caps, dark purple sans-serif font, creating a clear visual hierarchy. Decorative floral elements extend from the top-left and bottom-right corners of the image, partially overlapping the white circle. These elements include dark purple leaves with a subtle textured appearance and small, vibrant orange-yellow flowers and buds.",assets/0421-color_accuracy/candidate-2.png,assets/0421-color_accuracy/candidate-4.png,Nano Banana 2,GPT Image 1.5
421-color_accuracy:c3:c4,"User Intent: Create a gentle and impactful awareness graphic for World Cancer Day, promoting solidarity and education through easily recognizable symbols and clear messaging, suitable for social media posts, digital campaigns, or printed materials for awareness events. Description: A square-formatted image features a light lavender-lilac gradient background. Centrally positioned, slightly offset to the right, is a large white circular frame. Inside this circle, a prominent bright pink awareness ribbon, symbolic of cancer awareness, is located on the left. To the right of the ribbon, the text ""World CANCER DAY"" is stacked vertically. ""World"" and ""DAY"" are written in an elegant, script-like purple font, while ""CANCER"" is presented in a bold, all-caps, dark purple sans-serif font, creating a clear visual hierarchy. Decorative floral elements extend from the top-left and bottom-right corners of the image, partially overlapping the white circle. These elements include dark purple leaves with a subtle textured appearance and small, vibrant orange-yellow flowers and buds.",assets/0421-color_accuracy/candidate-3.jpg,assets/0421-color_accuracy/candidate-4.png,FLUX.2 [max],GPT Image 1.5
